{
  "project_info": {
    "project_number": "918549849185",
    "firebase_url": "https://bus-finder-d59e6.firebaseio.com",
    "project_id": "bus-finder-d59e6",
    "storage_bucket": "bus-finder-d59e6.appspot.com"
  },
  "client": [
    {
      "client_info": {
        "mobilesdk_app_id": "1:918549849185:android:c426793584b47eb2173620",
        "android_client_info": {
          "package_name": "com.example.busfinder"
        }
      },
      "oauth_client": [
        {
          "client_id": "918549849185-pfht1orn5c84sgu6epcn16fbssp1rs8p.apps.googleusercontent.com",
          "client_type": 3
        }
      ],
      "api_key": [
        {
          "current_key": "AIzaSyDyWkJvxshvMh2Kf6I7XsPK2ECxGss0ugg"
        }
      ],
      "services": {
        "appinvite_service": {
          "other_platform_oauth_client": [
            {
              "client_id": "918549849185-pfht1orn5c84sgu6epcn16fbssp1rs8p.apps.googleusercontent.com",
              "client_type": 3
            }
          ]
        }
      }
    }
  ],
  "configuration_version": "1"
}